p, CUSTOMER, cart, read, true
p, CUSTOMER, cart, write, true
p, CUSTOMER, cart, own, r.user_id == r.owner_id
p, ADMIN, cart, read, true
p, ADMIN, cart, write, true
p, ADMIN, cart, own, r.user_id == r.owner_id
p, CUSTOMER, order, read_own, true
p, ADMIN, order, read_own, true
p, SUPPORT, order, read_own, true
p, CUSTOMER, order, read, r.user_id == r.owner_id
p, ADMIN, order, read, true
p, SUPPORT, order, read, true
p, ADMIN, order, read_any, true
p, SUPPORT, order, read_any, true
p, CUSTOMER, order, write, true
p, ADMIN, order, write, true
p, CUSTOMER, order, own, r.user_id == r.owner_id
p, ADMIN, order, own, r.user_id == r.owner_id
p, CUSTOMER, payment, process, r.user_id == r.owner_id
p, ADMIN, payment, process, true
p, ADMIN, catalog, manage, true
p, ADMIN, user, role, true
p, CUSTOMER, notification, send, r.user_id == r.owner_id
p, ADMIN, notification, send, true
p, SUPPORT, notification, send, true
